location_id,hours
Home-AnnapolisJunction136,Mon - Sat 10AM - 7PM Sun 11AM - 6 PM
Home-Atlanta127,Mon - Sat 10AM - 7PM Sun 11AM - 6 PM
Home-Atlanta128,Mon - Sat 10AM - 7PM Sun 11AM - 6 PM
Home-BalaCynwyd174,Mon - Sat 10AM - 7PM Sun 11AM - 6 PM
Home-Bellevue188,Mon - Sat 10AM - 7PM Sun 11AM - 6 PM
Home-BlueAsh165,Mon - Sat 10AM - 7PM Sun 11AM - 6 PM
Home-Boise129,Mon - Sat 10AM - 7PM Sun 11AM - 6 PM
Home-Boston138,Mon - Sat 10AM - 7PM Sun 11AM - 6 PM
Home-Bozeman145,Mon - Sat 10AM - 7PM Sun 11AM - 6 PM
Home-Bozeman148,Mon - Sat 10AM - 7PM Sun 11AM - 6 PM
Home-Bridgewater151,Mon - Sat 10AM - 7PM Sun 11AM - 6 PM
Home-Broomfield115,Mon - Sat 10AM - 7PM Sun 11AM - 6 PM
Home-Burlington139,Mon - Sat 10AM - 7PM Sun 11AM - 6 PM
Home-Charlotte163,Mon - Sat 10AM - 7PM Sun 11AM - 6 PM
Home-Chesterfield144,Mon - Sat 10AM - 7PM Sun 11AM - 6 PM
Home-Cincinnati166,Mon - Sat 10AM - 7PM Sun 11AM - 6 PM
Home-ColoradoSprings116,Mon - Sat 10AM - 7PM Sun 11AM - 6 PM
Home-Columbia137,Mon - Sat 10AM - 7PM Sun 11AM - 6 PM
Home-FortLauderdale120,Mon - Sat 10AM - 7PM Sun 11AM - 6 PM
Home-Frisco184,Mon - Sat 10AM - 7PM Sun 11AM - 6 PM
Home-GlenAllen187,Mon - Sat 10AM - 7PM Sun 11AM - 6 PM
Home-Harrisburg175,Mon - Sat 10AM - 7PM Sun 11AM - 6 PM
Home-Hillsboro172,Mon - Sat 10AM - 7PM Sun 11AM - 6 PM
Home-Hillsboro173,Mon - Sat 10AM - 7PM Sun 11AM - 6 PM
Home-Houston183,Mon - Sat 10AM - 7PM Sun 11AM - 6 PM
Home-Jacksonville121,Mon - Sat 10AM - 7PM Sun 11AM - 6 PM
Home-KingofPrussia176,Mon - Sat 10AM - 7PM Sun 11AM - 6 PM
Home-LibertyCorner153,Mon - Sat 10AM - 7PM Sun 11AM - 6 PM
Home-Miami122,Mon - Sat 10AM - 7PM Sun 11AM - 6 PM
Home-Minneapolis143,Mon - Sat 10AM - 7PM Sun 11AM - 6 PM
Home-Monrovia108,Mon - Sat 10AM - 7PM Sun 11AM - 6 PM
Home-Nashua150,Mon - Sat 10AM - 7PM Sun 11AM - 6 PM
Home-Omaha149,Mon - Sat 10AM - 7PM Sun 11AM - 6 PM
Home-Phoenix100,Mon - Sat 10AM - 7PM Sun 11AM - 6 PM
Home-Pleasanton109,Mon - Sat 10AM - 7PM Sun 11AM - 6 PM
Home-Portland171,Mon - Sat 10AM - 7PM Sun 11AM - 6 PM
Home-Raleigh164,Mon - Sat 10AM - 7PM Sun 11AM - 6 PM
Home-Rochester161,Mon - Sat 10AM - 7PM Sun 11AM - 6 PM
Home-Rocklin110,Mon - Sat 10AM - 7PM Sun 11AM - 6 PM
Home-Rutherford152,Mon - Sat 10AM - 7PM Sun 11AM - 6 PM
Home-SanAntonio185,Mon - Sat 10AM - 7PM Sun 11AM - 6 PM
Home-SanDiego111,Mon - Sat 10AM - 7PM Sun 11AM - 6 PM
Home-SanDiego112,Mon - Sat 10AM - 7PM Sun 11AM - 6 PM
Home-Sandy186,Mon - Sat 10AM - 7PM Sun 11AM - 6 PM
Home-SanFrancisco113,Mon - Sat 10AM - 7PM Sun 11AM - 6 PM
Home-SantaClara114,Mon - Sat 10AM - 7PM Sun 11AM - 6 PM
Home-Tarrytown162,Mon - Sat 10AM - 7PM Sun 11AM - 6 PM
Home-Washington189,Mon - Sat 10AM - 7PM Sun 11AM - 6 PM
Home-Washington190,Mon - Sat 10AM - 7PM Sun 11AM - 6 PM
Store-Albany157,Mon - Sat 10AM - 7PM Sun 11AM - 6 PM
Store-Albuquerque156,Mon - Sat 10AM - 7PM Sun 11AM - 6 PM
Store-Austin180,Mon - Sat 10AM - 7PM Sun 11AM - 6 PM
Store-Austin181,Mon - Sat 10AM - 7PM Sun 11AM - 6 PM
Store-Bloomington142,Mon - Sat 10AM - 7PM Sun 11AM - 6 PM
Store-Bozeman146,Mon - Sat 10AM - 7PM Sun 11AM - 6 PM
Store-Bozeman147,Mon - Sat 10AM - 7PM Sun 11AM - 6 PM
Store-Brookfield191,Mon - Sat 10AM - 7PM Sun 11AM - 6 PM
Store-Burlington140,Mon - Sat 10AM - 7PM Sun 11AM - 6 PM
Store-Chicago130,Mon - Sat 10AM - 7PM Sun 11AM - 6 PM
Store-Chicago131,Mon - Sat 10AM - 7PM Sun 11AM - 6 PM
Store-Columbus168,Mon - Sat 10AM - 7PM Sun 11AM - 6 PM
Store-Conshohocken178,Mon - Sat 10AM - 7PM Sun 11AM - 6 PM
Store-Cordova179,Mon - Sat 10AM - 7PM Sun 11AM - 6 PM
Store-Corvallis170,Mon - Sat 10AM - 7PM Sun 11AM - 6 PM
Store-CulverCity102,Mon - Sat 10AM - 7PM Sun 11AM - 6 PM
Store-Denver117,Mon - Sat 10AM - 7PM Sun 11AM - 6 PM
Store-Denver118,Mon - Sat 10AM - 7PM Sun 11AM - 6 PM
Store-ElSegundo103,Mon - Sat 10AM - 7PM Sun 11AM - 6 PM
Store-Encino104,Mon - Sat 10AM - 7PM Sun 11AM - 6 PM
Store-Fairborn169,Mon - Sat 10AM - 7PM Sun 11AM - 6 PM
Store-Fullerton105,Mon - Sat 10AM - 7PM Sun 11AM - 6 PM
Store-Independence167,Mon - Sat 10AM - 7PM Sun 11AM - 6 PM
Store-Indianapolis133,Mon - Sat 10AM - 7PM Sun 11AM - 6 PM
Store-Irvine107,Mon - Sat 10AM - 7PM Sun 11AM - 6 PM
Store-Irving182,Mon - Sat 10AM - 7PM Sun 11AM - 6 PM
Store-Itasca132,Mon - Sat 10AM - 7PM Sun 11AM - 6 PM
Store-Lexington135,Mon - Sat 10AM - 7PM Sun 11AM - 6 PM
Store-Mineola160,Mon - Sat 10AM - 7PM Sun 11AM - 6 PM
Store-MoonTownship177,Mon - Sat 10AM - 7PM Sun 11AM - 6 PM
Store-MtLaurel154,Mon - Sat 10AM - 7PM Sun 11AM - 6 PM
Store-NewYork158,Mon - Sat 10AM - 7PM Sun 11AM - 6 PM
Store-NewYork159,Mon - Sat 10AM - 7PM Sun 11AM - 6 PM
Store-Onalaska192,Mon - Sat 10AM - 7PM Sun 11AM - 6 PM
Store-Orlando123,Mon - Sat 10AM - 7PM Sun 11AM - 6 PM
Store-OverlandPark134,Mon - Sat 10AM - 7PM Sun 11AM - 6 PM
Store-Princeton155,Mon - Sat 10AM - 7PM Sun 11AM - 6 PM
Store-RedwoodShores106,Mon - Sat 10AM - 7PM Sun 11AM - 6 PM
Store-Stamford119,Mon - Sat 10AM - 7PM Sun 11AM - 6 PM
Store-Sunrise124,Mon - Sat 10AM - 7PM Sun 11AM - 6 PM
Store-Tallahassee125,Mon - Sat 10AM - 7PM Sun 11AM - 6 PM
Store-Tampa126,Mon - Sat 10AM - 7PM Sun 11AM - 6 PM
Store-Troy141,Mon - Sat 10AM - 7PM Sun 11AM - 6 PM
Store-Tucson101,Mon - Sat 10AM - 7PM Sun 11AM - 6 PM